City_ID,City,Country,Date,Lat,Lng,Max Temp,Humidity,Cloudiness,Wind Speed
0,Jamestown,US,2022-03-23 13:38:42,42.097,-79.2353,45.01,25,100,17.27
1,Cherskiy,RU,2022-03-23 13:38:42,68.75,161.3,1.31,100,63,1.07
2,Kaitangata,NZ,2022-03-23 13:38:43,-46.2817,169.8464,57.09,96,5,3.53
3,Pankrushikha,RU,2022-03-23 13:38:43,53.8319,80.3406,23.65,94,100,18.21
4,Fortuna,US,2022-03-23 13:38:43,40.5982,-124.1573,49.93,96,100,0.0
5,Nome,US,2022-03-23 13:38:44,64.5011,-165.4064,12.27,44,0,4.61
6,Avanigadda,IN,2022-03-23 13:38:44,16.0215,80.9181,83.05,74,88,5.59
7,Kapaa,US,2022-03-23 13:38:44,22.0752,-159.319,72.19,86,75,17.27
8,Punta Arenas,CL,2022-03-23 13:38:44,-53.15,-70.9167,42.91,52,0,11.5
9,Castro,BR,2022-03-23 13:38:45,-24.7911,-50.0119,73.35,62,100,9.06
10,Mount Gambier,AU,2022-03-23 13:38:45,-37.8333,140.7667,49.91,87,18,3.44
11,Laguna,US,2022-03-23 13:38:45,38.421,-121.4238,58.44,83,0,3.44
12,Kalmunai,LK,2022-03-23 13:38:46,7.4167,81.8167,81.12,81,8,12.77
13,Severo-Kurilsk,RU,2022-03-23 13:38:46,50.6789,156.125,27.72,69,26,12.75
14,Hailar,CN,2022-03-23 13:38:46,49.2,119.7,6.85,96,27,4.9
15,Redlands,US,2022-03-23 13:38:47,34.0556,-117.1825,69.33,37,0,4.61
16,Luderitz,NA,2022-03-23 13:38:47,-26.6481,15.1594,72.68,64,0,15.26
17,Rawson,AR,2022-03-23 13:38:47,-43.3002,-65.1023,64.87,33,0,25.75
18,Mataura,NZ,2022-03-23 13:38:48,-46.1927,168.8643,55.38,98,77,2.66
19,East London,ZA,2022-03-23 13:38:48,-33.0153,27.9116,76.14,83,0,6.91
20,Vao,NC,2022-03-23 13:38:48,-22.6667,167.4833,76.77,66,33,9.26
21,Port Elizabeth,ZA,2022-03-23 13:38:49,-33.918,25.5701,80.1,71,20,6.91
22,Kamenka,RU,2022-03-23 13:34:07,51.3223,42.7678,32.86,100,100,5.91
23,Hindupur,IN,2022-03-23 13:38:49,13.8289,77.4933,86.85,36,100,7.65
24,Mar Del Plata,AR,2022-03-23 13:37:52,-38.0023,-57.5575,76.08,100,75,5.75
25,La Rioja,ES,2022-03-23 13:38:50,42.25,-2.5,42.58,69,96,9.55
26,Porto Santo,PT,2022-03-23 13:38:50,33.072,-16.3415,62.98,59,20,20.71
27,Altay,CN,2022-03-23 13:38:50,47.8667,88.1167,13.51,79,25,6.15
28,Avarua,CK,2022-03-23 13:37:47,-21.2078,-159.775,78.85,89,40,4.61
29,Esna,EG,2022-03-23 13:38:51,25.2934,32.554,69.82,14,0,16.11
30,Avera,US,2022-03-23 13:38:51,33.194,-82.5271,66.25,84,100,17.52
31,Fare,PF,2022-03-23 13:38:51,-16.7,-151.0167,80.29,74,62,10.33
32,Albany,US,2022-03-23 13:38:52,42.6001,-73.9662,35.67,55,100,1.01
33,Hilo,US,2022-03-23 13:36:46,19.7297,-155.09,71.33,89,100,5.01
34,Ushuaia,AR,2022-03-23 13:34:22,-54.8,-68.3,40.66,75,40,6.91
35,Puerto Ayora,EC,2022-03-23 13:34:42,-0.7393,-90.3518,80.55,90,40,7.0
36,Qaanaaq,GL,2022-03-23 13:38:52,77.484,-69.3632,-5.06,96,100,7.02
37,Nikolskoye,RU,2022-03-23 13:38:53,59.7035,30.7861,42.69,84,4,4.56
38,Rikitea,PF,2022-03-23 13:38:57,-23.1203,-134.9692,78.87,73,83,11.45
39,Santa Cruz,BO,2022-03-23 13:38:36,-17.8,-63.1667,78.85,78,75,17.27
40,Hobart,AU,2022-03-23 13:38:58,-42.8794,147.3294,55.26,71,96,10.36
41,Ilhabela,BR,2022-03-23 13:38:58,-23.7781,-45.3581,78.15,65,2,8.95
42,Constitucion,CL,2022-03-23 13:38:58,-35.3333,-72.4167,56.01,80,78,14.67
43,Cape Town,ZA,2022-03-23 13:35:01,-33.9258,18.4232,81.1,57,0,16.11
44,Bengkulu,ID,2022-03-23 13:38:59,-3.8004,102.2655,78.8,79,57,2.86
45,Busselton,AU,2022-03-23 13:38:59,-33.65,115.3333,62.73,64,0,13.78
46,Bhola,BD,2022-03-23 13:39:59,22.6833,90.65,82.9,62,89,15.32
47,Bambous Virieux,MU,2022-03-23 13:40:00,-20.3428,57.7575,84.45,74,40,6.91
48,Sao Joao Da Barra,BR,2022-03-23 13:40:00,-21.6403,-41.0511,80.69,57,30,6.87
49,Flinders,AU,2022-03-23 13:40:00,-34.5833,150.8552,67.17,81,100,3.0
50,Husavik,IS,2022-03-23 13:40:01,66.0449,-17.3389,31.42,75,29,9.91
51,Rocha,UY,2022-03-23 13:40:01,-34.4833,-54.3333,74.1,66,82,7.49
52,Hofn,IS,2022-03-23 13:40:01,64.2539,-15.2082,37.42,87,75,12.66
53,Arraial Do Cabo,BR,2022-03-23 13:40:02,-22.9661,-42.0278,80.56,61,40,12.66
54,Beachwood,US,2022-03-23 13:39:44,41.4645,-81.5087,46.9,73,100,24.16
55,Iqaluit,CA,2022-03-23 13:40:02,63.7506,-68.5145,-6.07,71,100,0.0
56,San Pedro,PH,2022-03-23 13:40:03,14.35,121.0167,85.35,78,20,5.75
57,Akyab,MM,2022-03-23 13:40:03,20.15,92.9,79.14,82,97,7.09
58,Mahebourg,MU,2022-03-23 13:40:03,-20.4081,57.7,84.49,74,40,6.91
59,Ribeira Grande,PT,2022-03-23 13:40:04,38.5167,-28.7,63.0,59,75,3.44
60,Monze,ZM,2022-03-23 13:40:04,-16.2833,27.4833,70.86,78,81,2.55
61,Beloha,MG,2022-03-23 13:40:04,-25.1667,45.05,84.81,52,6,17.63
62,Itanagar,IN,2022-03-23 13:40:05,27.1,93.6167,77.11,36,3,4.97
63,Atuona,PF,2022-03-23 13:40:05,-9.8,-139.0333,78.71,78,100,14.56
64,Hirara,JP,2022-03-23 13:40:05,24.8,125.2833,66.09,76,100,25.7
65,Georgetown,MY,2022-03-23 13:35:54,5.4112,100.3354,84.13,92,20,6.91
66,Fairbanks,US,2022-03-23 13:39:28,64.8378,-147.7164,6.76,59,100,10.36
67,Dikson,RU,2022-03-23 13:40:06,73.5069,80.5464,10.49,90,100,12.8
68,Tukrah,LY,2022-03-23 13:40:06,32.5341,20.5791,51.35,82,100,6.87
69,Kahului,US,2022-03-23 13:37:06,20.8947,-156.47,74.84,79,0,17.27
70,Cabo San Lucas,MX,2022-03-23 13:39:55,22.8909,-109.9124,66.51,47,0,3.44
71,Vaini,TO,2022-03-23 13:40:07,-21.2,-175.2,73.56,100,100,3.44
72,Kushima,JP,2022-03-23 13:40:07,31.4583,131.2333,48.83,93,10,5.1
73,Provideniya,RU,2022-03-23 13:40:08,64.3833,-173.3,8.02,68,9,3.8
74,Hamilton,US,2022-03-23 13:36:53,39.1834,-84.5333,64.6,69,100,16.11
75,Krasnoselkup,RU,2022-03-23 13:40:08,65.7,82.4667,10.83,97,98,6.64
76,Pak Phanang,TH,2022-03-23 13:40:08,8.3511,100.202,82.42,74,9,2.75
77,Mastung,PK,2022-03-23 13:40:09,29.7994,66.845,67.68,15,0,18.68
78,Akdepe,TM,2022-03-23 13:40:09,42.0551,59.3788,42.89,45,100,8.55
79,Bredasdorp,ZA,2022-03-23 13:40:09,-34.5322,20.0403,77.14,64,80,15.32
80,Hermanus,ZA,2022-03-23 13:40:10,-34.4187,19.2345,81.81,79,96,17.07
81,Zabol,AF,2022-03-23 13:40:10,32.25,67.25,63.93,18,0,13.31
82,Bluff,NZ,2022-03-23 13:40:10,-46.6,168.3333,58.06,91,100,8.1
83,Guerrero Negro,MX,2022-03-23 13:40:11,27.9769,-114.0611,59.13,77,0,7.16
84,Opunake,NZ,2022-03-23 13:40:11,-39.4556,173.8583,61.84,88,100,5.03
85,Butaritari,KI,2022-03-23 13:40:11,3.0707,172.7902,80.92,78,76,14.9
86,San Cristobal,VE,2022-03-23 13:35:45,7.7669,-72.225,68.18,52,83,6.15
87,Ngaoundere,CM,2022-03-23 13:40:12,7.3167,13.5833,91.44,12,97,5.37
88,Khatanga,RU,2022-03-23 13:40:12,71.9667,102.5,2.37,97,100,4.43
89,Lokosovo,RU,2022-03-23 13:40:13,61.1333,74.8167,18.27,97,100,2.66
90,Fort Nelson,CA,2022-03-23 13:35:52,58.8053,-122.7002,15.39,86,100,2.3
91,Barrow,US,2022-03-23 13:40:13,71.2906,-156.7887,-20.18,76,0,12.66
92,Itarema,BR,2022-03-23 13:41:13,-2.9248,-39.9167,80.4,79,100,8.28
93,Faanui,PF,2022-03-23 13:41:14,-16.4833,-151.75,80.38,74,70,9.24
94,Svetlogorsk,BY,2022-03-23 13:41:14,52.6333,29.7333,56.84,39,0,6.82
95,Thompson,CA,2022-03-23 13:41:14,55.7435,-97.8558,24.96,93,75,4.61
96,Yellowknife,CA,2022-03-23 13:41:15,62.456,-114.3525,9.41,89,100,8.05
97,Tazovskiy,RU,2022-03-23 13:41:15,67.4667,78.7,4.15,95,86,11.74
98,Saldanha,ZA,2022-03-23 13:41:15,-33.0117,17.9442,80.65,85,50,13.31
99,Kinablangan,PH,2022-03-23 13:41:16,7.6947,126.5503,78.22,83,86,3.13
100,Taoudenni,ML,2022-03-23 13:41:16,22.6783,-3.9836,90.64,8,1,1.3
101,Kibala,TD,2022-03-23 13:41:16,9.1104,18.3463,98.55,28,0,6.91
102,Medvode,SI,2022-03-23 13:41:17,46.1333,14.4333,68.67,19,0,3.44
103,Nouadhibou,MR,2022-03-23 13:41:17,20.931,-17.0347,76.98,33,0,26.46
104,College,US,2022-03-23 13:39:12,64.8569,-147.8028,6.75,60,75,10.36
105,Maumere,ID,2022-03-23 13:41:18,-8.6199,122.2111,79.79,82,100,4.23
106,Ayna,PE,2022-03-23 13:41:18,-12.65,-73.9167,68.58,71,49,4.16
107,Tura,IN,2022-03-23 13:41:18,25.5198,90.2201,78.31,30,0,3.42
108,Rundu,NA,2022-03-23 13:41:19,-17.9333,19.7667,78.24,52,92,6.96
109,Verkhoyansk,RU,2022-03-23 13:41:19,67.5447,133.385,-3.17,100,92,2.71
110,Littleton,US,2022-03-23 13:41:19,39.6133,-105.0166,36.09,53,0,5.75
111,Kuytun,RU,2022-03-23 13:41:20,54.3419,101.5036,20.75,96,100,5.61
112,Villamontes,BO,2022-03-23 13:41:20,-21.25,-63.5,83.64,61,20,0.0
113,Krapivinskiy,RU,2022-03-23 13:41:20,54.9992,86.8133,22.14,87,88,9.84
114,Sorong,ID,2022-03-23 13:41:21,-0.8833,131.25,78.51,87,100,6.53
115,Amuntai,ID,2022-03-23 13:41:23,-2.4177,115.2494,75.31,84,100,0.72
116,Alcudia,ES,2022-03-23 13:41:23,39.8532,3.1214,58.19,78,100,23.15
117,Lebu,CL,2022-03-23 13:37:44,-37.6167,-73.65,56.03,58,53,15.21
118,George,ZA,2022-03-23 13:40:51,-33.963,22.4617,72.95,73,20,8.05
119,Cockburn Town,TC,2022-03-23 13:41:24,21.4612,-71.1419,77.16,76,2,22.7
120,Sechura,PE,2022-03-23 13:41:24,-5.5569,-80.8222,75.97,65,25,13.33
121,Lakes Entrance,AU,2022-03-23 13:41:25,-37.8811,147.981,55.78,80,6,5.82
122,Aden,YE,2022-03-23 13:41:25,12.7794,45.0367,80.56,74,12,11.74
123,Son La,VN,2022-03-23 13:41:25,21.3167,103.9,66.54,96,99,4.27
124,Baixa Grande,BR,2022-03-23 13:41:26,-11.9597,-40.1681,83.16,58,87,6.76
125,Koungou,YT,2022-03-23 13:41:26,-12.7336,45.2042,87.51,70,20,10.36
126,Pevek,RU,2022-03-23 13:41:26,69.7008,170.3133,14.18,81,19,12.33
127,Tinaquillo,VE,2022-03-23 13:41:27,9.9186,-68.3047,85.01,41,44,1.9
128,Furano,JP,2022-03-23 13:41:27,43.2818,142.4743,26.22,94,100,3.0
129,Lembang,ID,2022-03-23 13:41:27,-6.8117,107.6175,65.71,89,100,2.26
130,Eenhana,NA,2022-03-23 13:41:28,-17.4667,16.3333,79.11,58,100,3.67
131,Bereda,ES,2022-03-23 13:41:28,43.2686,-7.5406,66.15,47,98,3.69
132,Marawi,PH,2022-03-23 13:41:28,7.9986,124.2928,68.68,94,91,1.66
133,Moerai,PF,2022-03-23 13:41:29,-22.4333,-151.3333,79.61,73,90,9.55
134,Tasiilaq,GL,2022-03-23 13:41:29,65.6145,-37.6368,19.56,59,100,2.57
135,Dalby,AU,2022-03-23 13:41:29,-27.1833,151.2667,72.99,62,100,1.01
136,Broome,US,2022-03-23 13:41:29,42.2506,-75.833,35.89,60,100,10.36
137,Semenivka,UA,2022-03-23 13:42:30,52.1783,32.5818,51.69,44,0,4.63
138,Vondrozo,MG,2022-03-23 13:42:30,-22.8167,47.2833,72.1,87,100,2.98
139,Hernani,ES,2022-03-23 13:42:31,43.2662,-1.9762,66.11,36,20,14.97
140,Mpika,ZM,2022-03-23 13:42:31,-11.8343,31.4529,66.7,92,96,3.85
141,Phan Thiet,VN,2022-03-23 13:42:31,10.9333,108.1,79.68,88,98,4.99
142,Cabedelo,BR,2022-03-23 13:39:07,-6.9811,-34.8339,86.67,64,24,13.0
143,Amapa,BR,2022-03-23 13:42:32,1.0,-52.0,80.02,84,85,1.77
144,Saint Anthony,US,2022-03-23 13:42:32,45.0205,-93.218,34.25,93,100,14.97
145,Kavieng,PG,2022-03-23 13:42:32,-2.5744,150.7967,81.27,79,100,9.06
146,Tomatlan,MX,2022-03-23 13:42:33,19.9333,-105.25,64.83,24,5,1.97
147,Sitka,US,2022-03-23 13:42:33,57.0531,-135.33,37.29,87,100,0.0
148,Yelizovo,RU,2022-03-23 13:42:33,53.1873,158.3805,17.74,78,40,4.47
149,Upernavik,GL,2022-03-23 13:42:34,72.7868,-56.1549,-2.07,91,100,5.61
150,Chuy,UY,2022-03-23 13:42:34,-33.6971,-53.4616,77.49,63,74,6.29
151,Vila Velha,BR,2022-03-23 13:42:34,-20.3297,-40.2925,78.75,81,75,9.22
152,Salalah,OM,2022-03-23 13:41:50,17.0151,54.0924,82.49,65,0,13.8
153,Baykalsk,RU,2022-03-23 13:42:35,51.5058,104.1469,23.0,94,100,1.9
154,Nkan,GA,2022-03-23 13:42:35,0.3833,9.7833,87.57,70,85,6.53
155,Victoria,HK,2022-03-23 13:41:38,22.2855,114.1577,64.94,94,100,1.99
156,Bilibino,RU,2022-03-23 13:42:36,68.0546,166.4372,2.01,99,90,4.07
157,Malazgirt,TR,2022-03-23 13:42:36,39.1427,42.5401,34.38,92,99,2.24
158,Homer,US,2022-03-23 13:42:36,59.6425,-151.5483,35.04,68,100,11.99
159,Beringovskiy,RU,2022-03-23 13:42:37,63.05,179.3167,4.35,99,91,3.4
160,General Higinio Morinigo,PY,2022-03-23 13:42:37,-25.95,-55.9167,78.44,69,100,10.25
161,Hovd,MN,2022-03-23 13:42:37,48.0056,91.6419,24.19,30,40,12.03
162,Geraldton,AU,2022-03-23 13:39:23,-28.7667,114.6,70.21,83,0,9.22
163,Sakakah,SA,2022-03-23 13:42:38,29.9697,40.2064,69.37,20,0,17.63
164,Kiama,AU,2022-03-23 13:42:38,-34.6833,150.8667,70.0,85,100,6.24
165,Parana,AR,2022-03-23 13:39:34,-31.732,-60.5238,71.56,91,100,8.03
166,San Patricio,US,2022-03-23 13:42:39,28.017,-97.5169,58.84,45,0,6.4
167,Sumenep,ID,2022-03-23 13:42:39,-7.0167,113.8667,80.35,84,94,7.78
168,Progreso,MX,2022-03-23 13:42:39,21.2833,-89.6667,77.11,73,6,11.74
169,Mount Isa,AU,2022-03-23 13:42:40,-20.7333,139.5,82.17,34,100,5.75
170,Chum Phae,TH,2022-03-23 13:42:40,16.5443,102.0992,81.7,70,32,2.93
171,Baykit,RU,2022-03-23 13:42:40,61.67,96.37,9.91,97,100,3.33
172,Haines Junction,CA,2022-03-23 13:42:41,60.7522,-137.5108,15.75,86,100,1.14
173,Port Alfred,ZA,2022-03-23 13:42:41,-33.5906,26.891,80.44,67,46,11.23
174,Nizwa,OM,2022-03-23 13:42:41,22.9333,57.5333,89.76,11,0,2.66
175,Gambela,ET,2022-03-23 13:42:42,8.25,34.5833,104.27,14,26,7.18
176,Aqtobe,KZ,2022-03-23 13:42:42,50.2797,57.2072,24.89,80,0,20.13
177,Nizhniy Tsasuchey,RU,2022-03-23 13:42:42,50.5167,115.1333,22.89,59,1,2.93
178,San Jose,US,2022-03-23 13:42:02,37.3394,-121.895,55.27,87,100,4.61
179,Saint-Augustin,CA,2022-03-23 13:42:43,51.226,-58.6502,33.89,78,99,27.78
180,Sweetwater,US,2022-03-23 13:39:05,25.7634,-80.3731,81.01,78,100,19.57
181,Lake Cowichan,CA,2022-03-23 13:43:43,48.825,-124.0546,49.28,97,100,3.85
182,Carnarvon,AU,2022-03-23 13:43:44,-24.8667,113.6333,80.67,74,100,10.36
183,Micomeseng,GQ,2022-03-23 13:43:44,2.1462,10.6164,83.35,61,75,5.82
184,Hambantota,LK,2022-03-23 13:43:44,6.1241,81.1185,82.74,89,40,3.44
185,Yueyang,CN,2022-03-23 13:43:45,29.3333,113.0919,49.15,86,41,5.99
186,Muros,ES,2022-03-23 13:43:45,42.7762,-9.0603,63.68,66,70,2.24
187,Skelleftea,SE,2022-03-23 13:43:45,64.7507,20.9528,50.36,50,0,13.8
188,Saint-Francois,FR,2022-03-23 13:43:46,46.4154,3.9054,66.67,31,0,8.05
189,Henties Bay,NA,2022-03-23 13:43:46,-22.116,14.2845,66.87,87,81,10.18
190,Vihti,FI,2022-03-23 13:43:46,60.417,24.3197,43.74,71,72,7.0
191,Codrington,AU,2022-03-23 13:43:47,-38.2667,141.9667,54.84,70,19,5.5
192,Pundaguitan,PH,2022-03-23 13:43:47,6.3711,126.1689,81.75,77,100,11.39
193,Atasu,KZ,2022-03-23 13:43:47,48.6814,71.6433,20.77,86,100,20.96
194,Conde,BR,2022-03-23 13:43:30,-7.2597,-34.9075,85.46,70,40,12.66
195,Saint-Philippe,RE,2022-03-23 13:43:48,-21.3585,55.7679,81.99,85,50,10.0
196,Airai,TL,2022-03-23 13:43:48,-8.9266,125.4092,60.6,94,100,1.3
197,Caravelas,BR,2022-03-23 13:43:48,-17.7125,-39.2481,79.65,80,41,5.53
198,Lata,PT,2022-03-23 13:43:49,40.1629,-8.3327,62.08,77,100,12.71
199,Sao Filipe,CV,2022-03-23 13:43:49,14.8961,-24.4956,71.8,70,0,11.07
200,Chokurdakh,RU,2022-03-23 13:43:49,70.6333,147.9167,-11.04,100,100,4.9
201,Ribas Do Rio Pardo,BR,2022-03-23 13:43:50,-20.4431,-53.7592,87.44,48,5,11.97
202,Ponta Do Sol,PT,2022-03-23 13:43:50,32.6667,-17.1,65.12,61,32,11.65
203,Koumac,NC,2022-03-23 13:43:50,-20.5667,164.2833,77.54,82,100,7.31
204,Chernyshevskiy,RU,2022-03-23 13:43:51,63.0128,112.4714,9.28,97,100,1.57
205,Torbay,CA,2022-03-23 13:43:51,47.6666,-52.7314,34.57,82,100,1.99
206,Eureka,US,2022-03-23 13:43:51,40.8021,-124.1637,51.67,61,100,3.89
207,Salvador,SV,2022-03-23 13:43:51,13.8333,-88.9167,72.05,57,5,0.69
208,Dalbandin,PK,2022-03-23 13:43:52,28.8947,64.4101,83.8,8,91,8.77
209,Bulungu,CD,2022-03-23 13:43:52,-4.55,18.6,90.52,43,27,2.17
210,Praia,CV,2022-03-23 13:43:52,14.9215,-23.5087,75.74,53,20,23.02
211,Eyl,SO,2022-03-23 13:43:53,7.9803,49.8164,81.32,66,0,14.0
212,Ketchikan,US,2022-03-23 13:43:53,55.3422,-131.6461,40.98,93,75,8.05
213,Katsuura,JP,2022-03-23 13:43:53,35.1333,140.3,42.82,91,100,15.73
214,Nokaneng,BW,2022-03-23 13:43:54,-19.6667,22.2667,81.68,40,91,7.23
215,New Norfolk,AU,2022-03-23 13:43:54,-42.7826,147.0587,54.9,63,100,5.01
216,Talnakh,RU,2022-03-23 13:43:54,69.4865,88.3972,5.13,79,100,7.67
217,Namatanai,PG,2022-03-23 13:43:55,-3.6667,152.4333,79.97,81,100,5.73
218,Grindavik,IS,2022-03-23 13:43:55,63.8424,-22.4338,45.07,93,75,19.57
219,Peterhead,GB,2022-03-23 13:43:55,57.5058,-1.7981,66.45,85,24,12.39
220,Sao Jose Da Coroa Grande,BR,2022-03-23 13:43:56,-8.8978,-35.1478,82.49,73,44,7.49
221,Nanortalik,GL,2022-03-23 13:43:56,60.1432,-45.2371,30.85,65,100,0.51
222,Ilulissat,GL,2022-03-23 13:43:56,69.2167,-51.1,1.42,78,20,0.0
223,Kruisfontein,ZA,2022-03-23 13:43:57,-34.0033,24.7314,75.88,52,0,11.3
224,Half Moon Bay,US,2022-03-23 13:39:08,37.4636,-122.4286,53.47,91,100,10.36
225,Margate,GB,2022-03-23 13:41:08,51.3813,1.3862,59.88,75,1,1.01
226,Auki,SB,2022-03-23 13:43:57,-8.7676,160.7034,77.59,85,97,0.63
227,Luanda,AO,2022-03-23 13:42:47,-8.8368,13.2343,86.0,74,40,10.36
228,Champerico,GT,2022-03-23 13:43:58,14.3,-91.9167,75.74,67,3,9.15
229,Gat,IL,2022-03-23 13:44:58,31.61,34.7642,58.82,47,6,15.17
230,Walvis Bay,NA,2022-03-23 13:44:58,-22.9575,14.5053,86.95,45,0,12.66
231,Bundaberg,AU,2022-03-23 13:42:13,-24.85,152.35,71.22,88,76,4.61
232,Chumikan,RU,2022-03-23 13:44:59,54.7183,135.315,9.54,88,6,7.25
233,Komsomolskiy,UZ,2022-03-23 13:44:59,40.4272,71.7189,47.12,66,75,6.91
234,Hithadhoo,MV,2022-03-23 13:44:59,-0.6,73.0833,83.88,67,9,16.13
235,Lorengau,PG,2022-03-23 13:45:00,-2.0226,147.2712,81.93,75,100,7.05
236,Pavlodar,KZ,2022-03-23 13:45:00,52.3,76.95,24.6,93,100,24.61
237,Souillac,MU,2022-03-23 13:45:00,-20.5167,57.5167,84.58,74,40,6.91
238,Samarai,PG,2022-03-23 13:45:01,-10.6167,150.6667,82.02,77,71,5.14
239,Stolbishche,RU,2022-03-23 13:45:01,55.6468,49.216,39.65,56,0,6.71
240,Mayahi,NE,2022-03-23 13:45:02,13.9553,7.6712,100.27,8,65,9.17
241,Khandyga,RU,2022-03-23 13:45:02,62.6667,135.6,-8.7,100,92,2.08
242,Ust-Omchug,RU,2022-03-23 13:45:03,61.15,149.6333,-4.65,100,100,1.86
243,Mucuri,BR,2022-03-23 13:45:03,-18.0864,-39.5508,76.32,88,96,14.45
244,Marathon,US,2022-03-23 13:45:03,44.9,-89.7668,33.55,95,100,10.36
245,Ambilobe,MG,2022-03-23 13:45:04,-13.2,49.05,82.02,87,53,3.2
246,Licheng,CN,2022-03-23 13:45:04,23.2955,113.8284,59.58,86,100,4.07
247,Isla Mujeres,MX,2022-03-23 13:45:04,21.2311,-86.731,80.17,72,6,16.02
248,Nicoya,CR,2022-03-23 13:41:33,10.1483,-85.452,83.19,58,91,7.54
249,Ust-Karsk,RU,2022-03-23 13:45:05,52.7011,118.8077,12.87,94,86,1.9
250,Griffith,US,2022-03-23 13:45:05,41.5284,-87.4237,54.39,94,100,8.05
251,Puerto Escondido,MX,2022-03-23 13:45:06,15.85,-97.0667,80.37,57,0,1.72
252,Ciudad Guayana,VE,2022-03-23 13:45:06,8.3533,-62.6528,84.9,53,61,8.46
253,Atkinson,US,2022-03-23 13:45:06,42.8384,-71.147,40.66,47,0,5.75
254,Ahipara,NZ,2022-03-23 13:45:07,-35.1667,173.1667,65.82,89,30,12.84
255,Cairns,AU,2022-03-23 13:45:07,-16.9167,145.7667,73.35,92,81,0.0
256,Portland,US,2022-03-23 13:43:40,45.5234,-122.6762,55.62,95,100,3.44
257,Manado,ID,2022-03-23 13:45:07,1.487,124.8455,77.77,88,40,1.14
258,Porto-Vecchio,FR,2022-03-23 13:45:08,41.591,9.2795,62.26,48,0,11.5
259,Opuwo,NA,2022-03-23 13:45:08,-18.0607,13.84,79.25,55,100,5.5
260,Sudak,UA,2022-03-23 13:45:08,44.85,34.9667,44.38,53,1,18.7
261,Tezu,IN,2022-03-23 13:45:09,27.9167,96.1667,80.19,28,19,4.74
262,Saskylakh,RU,2022-03-23 13:45:09,71.9167,114.0833,-15.54,100,90,4.16
263,Dunedin,NZ,2022-03-23 13:44:50,-45.8742,170.5036,60.06,96,34,8.16
264,Port Macquarie,AU,2022-03-23 13:45:10,-31.4333,152.9167,69.69,100,100,2.3
265,Nautla,MX,2022-03-23 13:45:10,20.2167,-96.7833,70.32,54,8,13.91
266,Atambua,ID,2022-03-23 13:45:10,-9.1061,124.8925,73.98,90,100,2.3
267,Oussouye,SN,2022-03-23 13:45:11,12.485,-16.5469,95.18,24,12,8.97
268,Kaka,TM,2022-03-23 13:45:11,37.3482,59.6143,44.89,69,100,3.58
269,Lincoln,US,2022-03-23 13:45:12,40.8,-96.667,37.31,76,100,24.16
270,Salta,AR,2022-03-23 13:45:12,-24.7859,-65.4117,70.39,78,40,3.44
271,Potosi,BO,2022-03-23 13:46:12,-19.5836,-65.7531,49.06,76,20,5.75
272,Olyka,UA,2022-03-23 13:46:13,50.7186,25.8125,63.93,32,0,8.19
273,Konstantinovka,RU,2022-03-23 13:46:13,49.6167,127.9833,25.07,95,100,1.45
274,Astana,KZ,2022-03-23 13:41:58,51.1801,71.446,19.35,86,100,20.13
275,Bhag,PK,2022-03-23 13:46:17,29.0415,67.8239,95.47,5,0,19.95
276,Kayankulam,IN,2022-03-23 13:46:17,9.1833,76.5,83.03,74,82,7.18
277,Leningradskiy,RU,2022-03-23 13:46:18,69.3833,178.4167,5.45,86,94,3.44
278,Plouzane,FR,2022-03-23 13:46:18,48.3833,-4.6167,64.58,38,0,10.36
279,Izumo,JP,2022-03-23 13:46:18,35.3667,132.7667,40.95,85,7,4.5
280,Matagami,CA,2022-03-23 13:46:19,49.7502,-77.6328,10.51,79,0,0.0
281,Taonan,CN,2022-03-23 13:46:19,45.3333,122.7833,34.97,80,92,4.5
282,Kenai,US,2022-03-23 13:46:19,60.5544,-151.2583,29.08,65,40,16.11
283,Narsaq,GL,2022-03-23 13:46:20,60.9167,-46.05,34.02,60,100,3.58
284,Boyolangu,ID,2022-03-23 13:46:20,-8.1181,111.8935,77.41,89,100,3.04
285,Zambezi,ZM,2022-03-23 13:46:20,-13.5432,23.1047,73.49,81,78,5.95
286,Taphan Hin,TH,2022-03-23 13:46:21,16.2209,100.4198,90.97,57,76,6.82
287,Dillon,US,2022-03-23 13:42:07,34.4166,-79.3712,68.95,76,100,14.99
288,Longyearbyen,SJ,2022-03-23 13:46:21,78.2186,15.6401,3.04,60,20,8.05
289,Goderich,CA,2022-03-23 13:46:22,43.7501,-81.7165,36.91,75,100,32.21
290,Dauphin,CA,2022-03-23 13:46:22,51.1494,-100.0502,23.14,86,0,5.75
291,Salinas,US,2022-03-23 13:46:22,36.6777,-121.6555,55.56,93,100,3.44
292,Turbat,PK,2022-03-23 13:46:23,26.0023,63.044,86.58,29,0,15.66
293,Namibe,AO,2022-03-23 13:46:23,-15.1961,12.1522,79.38,73,61,10.0
294,Tiksi,RU,2022-03-23 13:46:23,71.6872,128.8694,-15.14,100,50,4.29
295,Asau,RO,2022-03-23 13:46:24,46.4333,26.4,61.72,40,0,8.84
296,Vardo,NO,2022-03-23 13:46:24,70.3705,31.1107,26.37,93,100,14.58
297,Sambava,MG,2022-03-23 13:46:24,-14.2667,50.1667,82.47,83,12,12.44
298,Tuktoyaktuk,CA,2022-03-23 13:46:24,69.4541,-133.0374,-20.2,76,40,16.11
299,Goragorskiy,RU,2022-03-23 13:46:25,43.5031,45.0792,36.05,56,0,14.05
300,Noumea,NC,2022-03-23 13:46:25,-22.2763,166.4572,80.01,99,96,7.72
301,Callaway,US,2022-03-23 13:46:25,30.153,-85.5699,68.92,96,100,23.02
302,Chute-Aux-Outardes,CA,2022-03-23 13:46:26,49.1168,-68.399,30.18,51,0,10.36
303,Jackson,US,2022-03-23 13:46:26,42.4165,-122.8345,53.04,93,0,0.0
304,Centerville,US,2022-03-23 13:43:31,39.6284,-84.1594,63.25,71,100,10.36
305,Le Mars,US,2022-03-23 13:46:27,42.7942,-96.1656,36.91,87,100,21.85
306,Cidreira,BR,2022-03-23 13:46:27,-30.1811,-50.2056,68.99,84,100,4.23
307,Norman Wells,CA,2022-03-23 13:46:27,65.282,-126.8329,-3.96,77,75,12.66
308,Nelson Bay,AU,2022-03-23 13:46:28,-32.7167,152.15,73.99,85,100,1.99
309,Teya,RU,2022-03-23 13:46:28,60.3778,92.6267,6.64,98,69,2.68
310,Ambulu,ID,2022-03-23 13:46:28,-8.345,113.6058,78.28,87,98,3.04
311,Masterton,NZ,2022-03-23 13:46:28,-40.9597,175.6575,60.89,99,100,3.06
312,Tuatapere,NZ,2022-03-23 13:46:29,-46.1333,167.6833,57.65,88,100,6.58
313,Anadyr,RU,2022-03-23 13:46:29,64.75,177.4833,10.9,79,20,4.47
314,Vostok,RU,2022-03-23 13:46:29,46.4856,135.8833,16.48,92,52,5.06
315,Ambon,ID,2022-03-23 13:46:30,-3.6954,128.1814,75.34,94,40,8.05
316,Chiredzi,ZW,2022-03-23 13:46:30,-21.05,31.6667,80.83,47,100,7.61
317,Montbrison,FR,2022-03-23 13:47:30,45.6667,4.0833,62.94,30,0,5.77
318,Atar,MR,2022-03-23 13:47:31,20.5169,-13.0499,91.69,10,0,8.59
319,Lusambo,CD,2022-03-23 13:47:31,-4.9667,23.45,92.23,37,100,1.81
320,Morsbach,DE,2022-03-23 13:47:31,50.8667,7.75,67.12,31,0,3.69
321,Bethel,US,2022-03-23 13:47:32,41.3712,-73.414,42.03,48,100,10.36
322,Naze,JP,2022-03-23 13:47:32,28.3667,129.4833,59.92,74,77,19.46
323,Ballina,AU,2022-03-23 13:47:32,-28.8667,153.5667,73.58,93,64,0.0
324,Olenegorsk,RU,2022-03-23 13:47:33,68.15,33.3,28.65,94,100,6.76
325,Hasaki,JP,2022-03-23 13:47:33,35.7333,140.8333,39.6,82,100,11.65
326,Port Lincoln,AU,2022-03-23 13:47:20,-34.7333,135.8667,60.13,71,15,10.6
327,Esperance,AU,2022-03-23 13:47:33,-33.8667,121.9,58.84,71,1,8.41
328,Dangara,IN,2022-03-23 13:47:34,29.6799,75.8931,84.16,12,16,9.15
329,Pedregal,PA,2022-03-23 13:47:34,8.3667,-82.4333,78.89,73,20,3.44
330,Dryden,CA,2022-03-23 13:47:34,49.7833,-92.7503,28.69,93,100,10.36
331,Yulara,AU,2022-03-23 13:47:35,-25.2406,130.9889,84.04,34,0,12.66
332,Alofi,NU,2022-03-23 13:47:35,-19.0595,-169.9187,75.09,94,100,2.3
333,Clyde River,CA,2022-03-23 13:47:35,70.4692,-68.5914,-10.97,84,100,6.91
334,Shirakawa,JP,2022-03-23 13:47:36,37.1223,140.2376,34.95,89,100,1.16
335,Jian,CN,2022-03-23 13:47:36,27.1172,114.9793,53.44,82,100,0.96
336,Nizhnyaya Tura,RU,2022-03-23 13:47:36,58.6293,59.8118,32.68,81,100,13.67
337,Lerwick,GB,2022-03-23 13:47:37,60.1545,-1.1494,50.0,85,100,13.98
338,Innisfail,AU,2022-03-23 13:47:37,-17.5333,146.0333,71.85,88,55,3.69
339,San Quintin,MX,2022-03-23 13:47:37,30.4833,-115.95,60.89,62,0,4.56
340,Poum,NC,2022-03-23 13:47:38,-20.2333,164.0167,79.41,77,100,9.48
341,Praya,CV,2022-03-23 13:47:38,14.9215,-23.5087,75.74,53,20,23.02
342,Kurtalan,TR,2022-03-23 13:47:39,37.9272,41.7028,47.16,100,75,1.14
343,Saint-Louis,SN,2022-03-23 13:45:04,16.3333,-15.0,100.71,8,0,10.58
344,Nemuro,JP,2022-03-23 13:47:39,43.3236,145.575,31.41,88,100,5.79
345,Shache,CN,2022-03-23 13:47:39,38.4167,77.2406,64.09,22,91,10.47
346,Acapulco,MX,2022-03-23 13:43:27,16.8634,-99.8901,71.42,78,0,5.75
347,Deputatskiy,RU,2022-03-23 13:47:40,69.3,139.9,-10.95,98,99,4.07
348,Monrovia,LR,2022-03-23 13:47:40,6.3005,-10.7969,92.97,72,99,8.1
349,Mana,GF,2022-03-23 13:47:40,5.6592,-53.7767,75.34,95,100,12.06
350,Omboue,GA,2022-03-23 13:47:41,-1.5746,9.2618,84.24,72,80,11.21
351,Kudahuvadhoo,MV,2022-03-23 13:44:16,2.6708,72.8944,83.28,66,0,13.15
352,Udarnyy,RU,2022-03-23 13:47:41,54.3409,42.8611,35.65,92,100,6.42
353,Biak,ID,2022-03-23 13:47:41,-0.9131,122.8766,73.47,87,100,1.95
354,Bathsheba,BB,2022-03-23 13:47:42,13.2167,-59.5167,83.01,61,40,23.02
355,Wanning,CN,2022-03-23 13:47:42,18.8003,110.3967,76.41,92,68,7.43
356,Belyy Yar,RU,2022-03-23 13:47:42,53.6039,91.3903,27.86,54,0,15.66
357,Lompoc,US,2022-03-23 13:47:43,34.6391,-120.4579,68.77,89,0,5.75
358,Katobu,ID,2022-03-23 13:47:43,-4.9408,122.5276,74.84,91,100,5.21
359,Fuzhou,CN,2022-03-23 13:46:38,26.0614,119.3061,55.29,90,100,2.59
360,Rio Grande,BR,2022-03-23 13:47:43,-32.035,-52.0986,71.71,69,46,11.41
361,Sorochinsk,RU,2022-03-23 13:47:44,52.4338,53.1583,33.6,99,100,7.2
362,Balykshi,KZ,2022-03-23 13:47:44,47.0667,51.8667,39.2,41,0,15.66
363,Marzuq,YE,2022-03-23 13:48:45,14.4,46.4667,82.33,38,46,14.54
364,Ropcha,UA,2022-03-23 13:48:45,48.1199,25.7742,57.31,34,0,6.93
365,Sorland,NO,2022-03-23 13:48:45,67.667,12.6934,42.85,96,100,31.56
366,Sistranda,NO,2022-03-23 13:48:46,63.7256,8.834,48.16,65,75,27.51
367,Qasigiannguit,GL,2022-03-23 13:48:46,68.8193,-51.1922,1.65,92,9,2.82
368,Maunabo,PR,2022-03-23 13:48:46,18.0072,-65.8993,83.46,76,39,15.12
369,Sinnamary,GF,2022-03-23 13:48:47,5.3833,-52.95,75.43,95,100,11.32
370,Mogadishu,SO,2022-03-23 13:48:47,2.0371,45.3438,85.87,79,20,10.36
371,Vagay,RU,2022-03-23 13:48:47,57.9375,69.0217,23.74,89,76,6.69
372,Rumonge,BI,2022-03-23 13:48:48,-3.9736,29.4386,78.01,74,47,3.33
373,Zedelgem,BE,2022-03-23 13:48:48,51.1262,3.1372,68.11,38,1,2.55
374,Mathathane,BW,2022-03-23 13:48:48,-22.2687,28.7495,84.34,34,3,10.16
375,Rosetta,EG,2022-03-23 13:48:49,31.4044,30.4164,57.15,56,15,20.18
376,Maragheh,IR,2022-03-23 13:48:49,37.3917,46.2398,43.07,45,40,21.85
377,Vostochnyy,RU,2022-03-23 13:48:49,55.8167,37.8667,51.1,92,32,3.31
378,Megion,RU,2022-03-23 13:48:50,61.0296,76.1136,21.22,92,92,6.44
379,Scarborough,GB,2022-03-23 13:44:51,54.2797,-0.4044,64.92,62,5,1.99
380,Riyadh,SA,2022-03-23 13:48:50,24.6877,46.7219,93.34,8,41,12.26
381,Tooele,US,2022-03-23 13:48:51,40.5308,-112.2983,35.17,80,0,5.75
382,Worland,US,2022-03-23 13:48:51,44.0169,-107.9554,29.55,74,0,9.22
383,Pangnirtung,CA,2022-03-23 13:48:52,66.1451,-65.7125,-11.2,77,100,0.0
384,Norwich,GB,2022-03-23 13:48:52,52.6278,1.2983,67.32,34,0,8.05
385,Sola,VU,2022-03-23 13:48:52,-13.8833,167.55,82.2,76,100,8.46
386,Dongsheng,CN,2022-03-23 13:48:52,39.8161,109.9776,42.44,40,1,7.81
387,Kisangani,CD,2022-03-23 13:48:53,0.5167,25.2,86.85,51,80,3.56
388,Colombo,LK,2022-03-23 13:48:53,6.9319,79.8478,84.15,76,100,8.88
389,Darhan,MN,2022-03-23 13:48:53,49.4867,105.9228,33.21,30,100,3.65
390,Ponta Delgada,PT,2022-03-23 13:48:38,37.7333,-25.6667,66.51,51,75,8.05
391,Mbanza-Ngungu,CD,2022-03-23 13:48:54,-5.25,14.8667,83.34,57,36,2.21
392,Ous,RU,2022-03-23 13:48:54,60.9058,61.5186,30.76,82,100,10.0
393,Bar Harbor,US,2022-03-23 13:48:55,44.3876,-68.2039,39.25,54,0,13.0
394,Baghmara,IN,2022-03-23 13:48:55,23.795,86.2085,87.66,7,6,6.78
395,Yangjiang,CN,2022-03-23 13:47:09,21.85,111.9667,63.05,85,100,8.9
396,Akureyri,IS,2022-03-23 13:48:55,65.6835,-18.0878,35.53,64,75,8.05
397,Havoysund,NO,2022-03-23 13:48:56,70.9963,24.6622,26.83,90,100,28.54
398,Mehamn,NO,2022-03-23 13:48:56,71.0357,27.8492,24.75,93,100,11.5
399,Krasnopavlivka,UA,2022-03-23 13:48:56,49.1372,36.3272,50.36,44,0,2.37
400,Myitkyina,MM,2022-03-23 13:48:57,25.3833,97.4,73.44,75,100,1.01
401,Bawku,GH,2022-03-23 13:48:57,11.0616,-0.2417,102.06,17,100,2.75
402,Christchurch,NZ,2022-03-23 13:48:20,-43.5333,172.6333,63.0,91,100,12.66
403,Chapleau,CA,2022-03-23 13:48:57,47.8405,-83.4034,30.29,55,75,11.5
404,Port-Gentil,GA,2022-03-23 13:48:58,-0.7193,8.7815,87.76,70,20,10.36
405,Antalaha,MG,2022-03-23 13:48:58,-14.9003,50.2788,81.37,85,46,8.68
406,Taungdwingyi,MM,2022-03-23 13:48:58,20.0167,95.55,75.0,84,100,6.13
407,Klaksvik,FO,2022-03-23 13:48:59,62.2266,-6.589,47.32,98,100,13.2
408,San Carlos De Bariloche,AR,2022-03-23 13:48:59,-41.1456,-71.3082,44.35,61,75,16.11
409,Dothan,US,2022-03-23 13:48:59,31.2232,-85.3905,71.8,94,100,13.8
410,Paamiut,GL,2022-03-23 13:50:00,61.994,-49.6678,20.1,84,46,13.71
411,Tema,GH,2022-03-23 13:50:00,5.667,-0.0166,90.01,62,20,16.11
412,Isangel,VU,2022-03-23 13:50:00,-19.55,169.2667,78.46,88,100,7.52
413,Saint George,US,2022-03-23 13:50:00,37.1041,-113.5841,44.94,42,0,15.01
414,Chadan,RU,2022-03-23 13:50:01,51.2833,91.5833,14.63,83,100,3.94
415,Nizhneangarsk,RU,2022-03-23 13:50:01,55.7833,109.55,7.41,89,79,7.2
416,Molchanovo,RU,2022-03-23 13:50:01,57.5817,83.7692,18.84,96,100,5.21
417,Chapais,CA,2022-03-23 13:50:02,49.7834,-74.8492,15.58,72,38,10.22
418,Thisted,DK,2022-03-23 13:50:02,56.9552,8.6949,54.19,40,6,6.08
419,Rock Sound,BS,2022-03-23 13:50:03,24.9,-76.2,76.21,79,29,16.96
420,Hammerfest,NO,2022-03-23 13:45:11,70.6634,23.6821,27.05,93,100,20.71
421,Neuquen,AR,2022-03-23 13:48:55,-38.9516,-68.0591,58.89,41,0,18.41
422,Clonakilty,IE,2022-03-23 13:50:04,51.6231,-8.8706,58.21,81,13,9.13
423,Saint-Georges,GD,2022-03-23 13:45:34,12.0564,-61.7485,83.88,65,40,23.02
424,Kodiak,US,2022-03-23 13:50:05,57.79,-152.4072,29.71,93,100,3.44
425,Ewo,CG,2022-03-23 13:50:05,-0.8725,14.8206,85.48,50,96,2.55
426,Pontarlier,FR,2022-03-23 13:50:05,46.8333,6.25,56.01,38,2,3.09
427,Derbent,RU,2022-03-23 13:50:06,42.0678,48.2899,40.5,58,30,14.67
428,Kodinsk,RU,2022-03-23 13:50:06,58.6881,99.1844,20.25,99,100,2.86
429,Petropavlovsk-Kamchatskiy,RU,2022-03-23 13:50:06,53.0452,158.6483,16.39,79,40,4.47
430,Bima,ID,2022-03-23 13:50:07,-8.4667,118.7167,76.32,97,100,2.93
431,Bud,US,2022-03-23 13:50:07,39.447,-86.1758,60.4,95,99,12.86
432,Hami,CN,2022-03-23 13:50:07,42.8,93.45,49.42,36,100,3.85
433,Tremedal,BR,2022-03-23 13:50:08,-14.9758,-41.4108,83.43,46,60,8.79
434,Gumdag,TM,2022-03-23 13:50:08,39.2061,54.5906,49.8,48,96,6.93
435,Marondera,ZW,2022-03-23 13:50:08,-18.1853,31.5519,68.9,57,93,5.97
436,Gualaco,HN,2022-03-23 13:50:08,15.05,-86.05,73.24,64,35,3.91
437,Balgazyn,RU,2022-03-23 13:50:09,51.0,95.2,20.08,77,100,8.25
438,Labytnangi,RU,2022-03-23 13:50:09,66.6572,66.4183,20.26,84,98,10.22
439,Vestmanna,FO,2022-03-23 13:50:09,62.1564,-7.1664,45.52,100,100,4.61
440,Omsukchan,RU,2022-03-23 13:50:10,62.5333,155.8,5.2,96,100,3.09
441,Talcahuano,CL,2022-03-23 13:48:03,-36.7167,-73.1167,56.88,72,20,10.36
442,Jiuquan,CN,2022-03-23 13:50:10,39.7432,98.5174,55.71,19,100,5.21
443,Cochrane,CA,2022-03-23 13:50:11,51.1834,-114.4687,50.63,37,100,14.97
444,Manchester,GB,2022-03-23 13:50:11,53.4809,-2.2374,67.15,31,5,5.75
445,Simao,CN,2022-03-23 13:50:11,22.7886,100.9748,60.28,99,86,1.59
446,Wasilla,US,2022-03-23 13:50:12,61.5814,-149.4394,28.74,57,0,11.5
447,Pemangkat,ID,2022-03-23 13:50:12,1.1667,108.9667,80.44,78,12,4.76
448,Pontianak,ID,2022-03-23 13:50:12,-0.0333,109.3333,80.58,78,20,2.3
449,Sao Gabriel Da Cachoeira,BR,2022-03-23 13:50:13,-0.1303,-67.0892,75.54,94,100,1.28
450,Leh,IN,2022-03-23 13:50:13,34.1667,77.5833,25.21,49,43,2.04
451,Prince Rupert,CA,2022-03-23 13:50:09,54.3161,-130.3201,42.49,87,100,24.16
452,Kontagora,NG,2022-03-23 13:50:13,10.3999,5.4695,104.18,16,100,1.43
453,Padang,ID,2022-03-23 13:50:14,-0.9492,100.3543,78.85,85,32,3.42
454,Raudeberg,NO,2022-03-23 13:50:14,61.9875,5.1352,50.86,55,92,22.84
455,Rafai,CF,2022-03-23 13:50:14,4.95,23.9167,95.38,28,80,1.5
456,Tommot,RU,2022-03-23 13:50:15,58.9564,126.2925,3.27,98,64,2.15
457,Jumla,NP,2022-03-23 13:51:15,29.2747,82.1838,49.21,50,23,5.61
458,Shenjiamen,CN,2022-03-23 13:51:15,29.9576,122.298,47.88,65,46,5.19
459,Mildura,AU,2022-03-23 13:51:16,-34.2,142.15,58.96,51,100,3.44
460,Gimli,CA,2022-03-23 13:51:16,50.6336,-96.9907,30.22,93,74,16.11
461,Berlevag,NO,2022-03-23 13:51:17,70.8578,29.0864,24.8,91,100,17.29
462,Palmer,US,2022-03-23 13:51:17,42.1584,-72.3287,40.24,44,40,6.91
463,Yerbogachen,RU,2022-03-23 13:51:17,61.2767,108.0108,13.01,96,100,1.74
464,Tombouctou,ML,2022-03-23 13:51:18,20.0,-3.0,93.81,5,0,10.51
465,Vermillion,US,2022-03-23 13:51:18,42.7794,-96.9292,35.76,80,100,20.11
466,Pedernales,DO,2022-03-23 13:51:18,18.0384,-71.744,82.54,56,0,5.35
467,Chifeng,CN,2022-03-23 13:51:19,42.2683,118.9636,36.14,56,0,5.08
468,Ixtapa,MX,2022-03-23 13:51:19,20.7,-105.2,65.39,21,59,2.66
469,Dhidhdhoo,MV,2022-03-23 13:51:19,6.8833,73.1,83.84,63,57,10.27
470,Gazli,UZ,2022-03-23 13:51:20,40.1333,63.45,48.2,42,92,5.79
471,Messina,IT,2022-03-23 13:50:12,38.1933,15.5497,62.15,47,8,19.57
472,Southbridge,US,2022-03-23 13:51:20,42.0751,-72.0334,40.3,48,91,3.0
473,Carutapera,BR,2022-03-23 13:51:21,-1.195,-46.02,81.37,82,78,3.85
474,Alice Springs,AU,2022-03-23 13:51:21,-23.7,133.8833,74.75,38,2,0.0
475,Port Blair,IN,2022-03-23 13:51:21,11.6667,92.75,82.44,78,40,2.3
476,Villazon,BO,2022-03-23 13:51:22,-22.0866,-65.5942,56.86,56,33,2.13
477,Sal Rei,CV,2022-03-23 13:51:22,16.1833,-22.9167,73.6,64,40,25.32
478,Maceio,BR,2022-03-23 13:51:22,-9.6658,-35.7353,76.44,88,75,4.61
479,Vestmannaeyjar,IS,2022-03-23 13:51:23,63.4427,-20.2734,45.59,93,40,9.22
480,Daru,PG,2022-03-23 13:51:23,-9.0763,143.2092,78.08,84,100,6.51
481,Shitanjing,CN,2022-03-23 13:51:23,39.2342,106.3439,49.33,28,65,10.2
482,Karla,EE,2022-03-23 13:51:24,59.3723,24.9275,39.16,75,75,16.11
483,Aranos,NA,2022-03-23 13:51:24,-24.1333,19.1167,86.45,23,92,10.89
484,Coihaique,CL,2022-03-23 13:51:02,-45.5752,-72.0662,45.21,93,100,0.0
485,Dongobesh,TZ,2022-03-23 13:51:24,-4.0667,35.3833,72.93,43,95,8.68
486,Erenhot,CN,2022-03-23 13:51:25,43.6475,111.9767,37.24,24,58,10.98
487,Moranbah,AU,2022-03-23 13:51:25,-22.0016,148.0466,73.04,67,0,5.61
488,Verkhnebakanskiy,RU,2022-03-23 13:51:25,44.8492,37.6572,49.03,37,0,17.72
489,Jalu,LY,2022-03-23 13:51:26,29.0331,21.5482,62.29,28,4,18.19
490,Les Cayes,HT,2022-03-23 13:51:26,18.2,-73.75,81.55,59,0,6.67
491,Corinto,GR,2022-03-23 13:51:26,37.9407,22.9573,53.89,58,69,25.37
492,Dwarka,IN,2022-03-23 13:51:27,22.2394,68.9678,78.19,68,12,13.2
493,Pueblo,US,2022-03-23 13:51:27,38.2545,-104.6091,37.42,54,0,11.5
494,Tamazunchale,MX,2022-03-23 13:51:27,21.2667,-98.7833,64.2,42,0,2.21
495,Snezhnogorsk,RU,2022-03-23 13:51:28,69.1933,33.2531,26.38,96,100,7.81
496,Grande Prairie,CA,2022-03-23 13:50:59,55.1667,-118.8027,32.18,86,40,8.05
497,Korla,CN,2022-03-23 13:51:28,41.7597,86.1469,53.24,42,90,7.4
498,Markova,UA,2022-03-23 13:51:28,48.6758,24.4138,56.53,38,5,1.99
499,Smithers,CA,2022-03-23 13:51:29,54.7804,-127.1743,32.32,100,75,2.3
500,Kochki,RU,2022-03-23 13:51:29,54.3358,80.4806,23.34,94,100,17.6
501,Ocean City,US,2022-03-23 13:51:29,39.2776,-74.5746,49.01,69,100,13.0
502,Thinadhoo,MV,2022-03-23 13:51:30,0.5333,72.9333,83.93,67,0,15.43
503,Nouakchott,MR,2022-03-23 13:50:27,18.0858,-15.9785,93.13,37,2,13.62
504,Joensuu,FI,2022-03-23 13:52:30,62.6012,29.7632,40.26,62,0,6.91
505,Santa Helena,BR,2022-03-23 13:52:30,-2.2311,-45.3,85.48,71,99,2.73
506,Ushibuka,JP,2022-03-23 13:52:31,32.1906,130.0228,50.4,77,0,12.06
507,Linda,US,2022-03-23 13:52:31,39.1277,-121.5508,64.58,85,0,0.0
508,Apango,MX,2022-03-23 13:52:32,17.7333,-99.3333,70.0,46,10,4.23
509,Kralendijk,BQ,2022-03-23 13:52:32,12.15,-68.2667,80.58,74,40,19.57
510,Yuza,JP,2022-03-23 13:52:32,39.0,139.9167,36.73,77,100,7.45
511,Thunder Bay,CA,2022-03-23 13:52:33,48.4001,-89.3168,31.28,100,100,18.41
512,Kwinana,AU,2022-03-23 13:52:33,-32.25,115.7667,72.23,46,0,12.75
513,Yeppoon,AU,2022-03-23 13:52:33,-23.1333,150.7333,69.58,75,0,6.85
514,Sciacca,IT,2022-03-23 13:52:34,37.5082,13.0881,60.03,53,2,8.77
515,Casma,CL,2022-03-23 13:52:34,-41.0082,-73.1244,54.25,84,36,4.88
516,Santa Isabel,BR,2022-03-23 13:52:34,-23.3156,-46.2214,73.11,61,0,3.18
517,Pa Sang,TH,2022-03-23 13:52:35,18.5262,98.9394,82.02,54,59,0.4
518,Benghazi,LY,2022-03-23 13:52:35,32.1167,20.0667,57.65,58,20,19.93
519,Turukhansk,RU,2022-03-23 13:52:35,65.8167,87.9833,9.91,87,52,9.06
520,Dali,CN,2022-03-23 13:52:36,25.7,100.1833,56.14,87,100,6.55
521,Zhigansk,RU,2022-03-23 13:52:36,66.7697,123.3711,6.62,97,100,4.85
522,Borba,BR,2022-03-23 13:52:36,-4.3878,-59.5939,80.83,89,89,4.27
523,Upata,VE,2022-03-23 13:52:36,8.0086,-62.3989,82.38,53,99,6.64
524,Tashla,RU,2022-03-23 13:52:37,51.7716,52.7427,32.5,97,100,9.62
525,Petropavlovskoye,RU,2022-03-23 13:52:37,52.0712,84.107,24.8,73,100,16.78
526,Itacoatiara,BR,2022-03-23 13:52:37,-3.1431,-58.4442,80.73,89,54,4.68
527,Indian Head,US,2022-03-23 13:52:38,38.6001,-77.1622,54.95,57,0,7.0
528,North Platte,US,2022-03-23 13:52:38,41.1239,-100.7654,31.89,63,100,19.57
529,Baker City,US,2022-03-23 13:52:38,44.7749,-117.8344,43.59,100,100,3.44
530,Yatou,CN,2022-03-23 13:52:39,37.15,122.3833,43.11,93,0,8.84
531,Peniche,PT,2022-03-23 13:52:39,39.3558,-9.3811,57.11,92,100,16.15
532,Rajula,IN,2022-03-23 13:52:39,21.05,71.4333,84.25,39,23,7.02
533,Xapuri,BR,2022-03-23 13:52:40,-10.6517,-68.5044,84.07,69,69,2.89
534,Catuday,PH,2022-03-23 13:52:40,16.2923,119.8062,80.62,79,0,17.47
535,Senno,RU,2022-03-23 13:52:40,59.5336,33.9167,39.06,91,70,4.52
536,Mayumba,GA,2022-03-23 13:52:41,-3.432,10.6554,83.14,78,60,9.28
537,Rexburg,US,2022-03-23 13:49:55,43.826,-111.7897,29.71,74,0,3.44
538,Meulaboh,ID,2022-03-23 13:52:41,4.1363,96.1285,79.77,83,62,4.61
539,Najran,SA,2022-03-23 13:48:21,17.4924,44.1277,93.85,16,46,19.91
540,Ginda,IN,2022-03-23 13:52:42,30.6945,78.4932,58.82,26,4,5.03
541,Barillas,GT,2022-03-23 13:52:42,15.8036,-91.3158,70.84,56,0,2.48
